name,email,login_id,password,role
Aarav Sharma,aarav.sharma01@gmail.com,aarav01,123456,candidate
Priya Verma,priya.verma02@gmail.com,priya02,123456,candidate
Rohan Gupta,rohan.gupta03@gmail.com,rohan03,123456,candidate
Sneha Singh,sneha.singh04@gmail.com,sneha04,123456,candidate
Vikram Patel,vikram.patel05@gmail.com,vikram05,123456,candidate
Ananya Roy,ananya.roy06@gmail.com,ananya06,123456,candidate
Karan Mehta,karan.mehta07@gmail.com,karan07,123456,candidate
Neha Kapoor,neha.kapoor08@gmail.com,neha08,123456,candidate
Rahul Yadav,rahul.yadav09@gmail.com,rahul09,123456,candidate
Pooja Mishra,pooja.mishra10@gmail.com,pooja10,123456,candidate